occupation_name,url
     Veterinarians,/ooh/healthcare/veterinarians.htm
     Veterinary assistants and laboratory animal caretakers,/ooh/healthcare/veterinary-assistants-and-laboratory-animal-caretakers.htm
"     Crematory operators and personal care and service workers, all other",/ooh/about/data-for-occupations-not-covered-in-detail.htm#399098
     First-line supervisors of gambling services workers,/ooh/personal-care-and-service/gaming-services-occupations.htm
     Veterinary technologists and technicians,/ooh/healthcare/veterinary-technologists-and-technicians.htm
     Occupational therapists,/ooh/healthcare/occupational-therapists.htm
     Industrial machinery mechanics,/ooh/installation-maintenance-and-repair/industrial-machinery-mechanics-and-maintenance-workers-and-millwrights.htm
     Registered nurses,/ooh/healthcare/registered-nurses.htm
"     Media and communication workers, all other",/ooh/media-and-communication/announcers.htm
"     Locker room, coatroom, and dressing room attendants",/ooh/about/data-for-occupations-not-covered-in-detail.htm#393093
     Recreational therapists,/ooh/healthcare/recreational-therapists.htm
     Archivists,/ooh/education-training-and-library/curators-museum-technicians-and-conservators.htm
"     Arbitrators, mediators, and conciliators",/ooh/legal/arbitrators-mediators-and-conciliators.htm
"     Compensation, benefits, and job analysis specialists",/ooh/business-and-financial/compensation-benefits-and-job-analysis-specialists.htm
     Gambling dealers,/ooh/personal-care-and-service/gaming-services-occupations.htm
"     Meeting, convention, and event planners",/ooh/business-and-financial/meeting-convention-and-event-planners.htm
"     Health information technologists, medical registrars, surgical assistants, and healthcare practitioners and technical workers, all other",/ooh/about/data-for-occupations-not-covered-in-detail.htm#299098
     Dietitians and nutritionists,/ooh/healthcare/dietitians-and-nutritionists.htm
"     Environmental scientists and specialists, including health",/ooh/life-physical-and-social-science/environmental-scientists-and-specialists.htm
     Actuaries,/ooh/math/actuaries.htm
     Physical therapists,/ooh/healthcare/physical-therapists.htm
"     Nursing instructors and teachers, postsecondary",/ooh/education-training-and-library/postsecondary-teachers.htm
     Market research analysts and marketing specialists,/ooh/business-and-financial/market-research-analysts.htm
     Computer user support specialists,/ooh/computer-and-information-technology/computer-support-specialists.htm
     Loan interviewers and clerks,/ooh/office-and-administrative-support/financial-clerks.htm
     First-line supervisors of housekeeping and janitorial workers,/ooh/about/data-for-occupations-not-covered-in-detail.htm#371011
"     Educational, guidance, and career counselors and advisors",/ooh/community-and-social-service/school-and-career-counselors.htm
"     Medical dosimetrists, medical records specialists, and health technologists and technicians, all other",/ooh/healthcare/medical-records-and-health-information-technicians.htm
     Web developers and digital interface designers,/ooh/computer-and-information-technology/web-developers.htm
     Electricians,/ooh/construction-and-extraction/electricians.htm
     Nursing assistants,/ooh/healthcare/nursing-assistants.htm
"     Hosts and hostesses, restaurant, lounge, and coffee shop",/ooh/food-preparation-and-serving/food-and-beverage-serving-and-related-workers.htm
     Construction managers,/ooh/management/construction-managers.htm
     Orthotists and prosthetists,/ooh/healthcare/orthotists-and-prosthetists.htm
     Mental health and substance abuse social workers,/ooh/community-and-social-service/social-workers.htm
     Flight attendants,/ooh/transportation-and-material-moving/flight-attendants.htm
     Phlebotomists,/ooh/healthcare/phlebotomists.htm
     Social and community service managers,/ooh/management/social-and-community-service-managers.htm
     Diagnostic medical sonographers,/ooh/healthcare/diagnostic-medical-sonographers.htm
     Skincare specialists,/ooh/personal-care-and-service/skincare-specialists.htm
     Social and human service assistants,/ooh/community-and-social-service/social-and-human-service-assistants.htm
     Training and development specialists,/ooh/business-and-financial/training-and-development-specialists.htm
     Refuse and recyclable material collectors,/ooh/transportation-and-material-moving/hand-laborers-and-material-movers.htm
"     Lifeguards, ski patrol, and other recreational protective service workers",/ooh/about/data-for-occupations-not-covered-in-detail.htm#339092
     Pest control workers,/ooh/building-and-grounds-cleaning/pest-control-workers.htm
     Public relations and fundraising managers,/ooh/management/public-relations-managers.htm
     Tile and stone setters,/ooh/construction-and-extraction/tile-and-marble-setters.htm
"     Biological science teachers, postsecondary",/ooh/education-training-and-library/postsecondary-teachers.htm
     Marriage and family therapists,/ooh/community-and-social-service/marriage-and-family-therapists.htm
     Film and video editors,/ooh/media-and-communication/film-and-video-editors-and-camera-operators.htm
     Software developers and software quality assurance analysts and testers,/ooh/computer-and-information-technology/software-developers.htm
"     Financial clerks, all other",/ooh/about/data-for-occupations-not-covered-in-detail.htm#433099
"     Underground mining machine operators and extraction workers, all other",/ooh/about/data-for-occupations-not-covered-in-detail.htm#475098
     Court reporters and simultaneous captioners,/ooh/legal/court-reporters.htm
"     Ambulance drivers and attendants, except emergency medical technicians",/ooh/about/data-for-occupations-not-covered-in-detail.htm#533011
     Gambling managers,/ooh/personal-care-and-service/gaming-services-occupations.htm
"     Communications equipment operators, all other",/ooh/about/data-for-occupations-not-covered-in-detail.htm#432099
     Dental laboratory technicians,/ooh/production/dental-and-ophthalmic-laboratory-technicians-and-medical-appliance-technicians.htm
"     Engineering teachers, postsecondary",/ooh/education-training-and-library/postsecondary-teachers.htm
     Commercial pilots,/ooh/transportation-and-material-moving/airline-and-commercial-pilots.htm
"     Psychology teachers, postsecondary",/ooh/education-training-and-library/postsecondary-teachers.htm
     Physical therapist aides,/ooh/healthcare/physical-therapist-assistants-and-aides.htm
     Computer numerically controlled tool programmers,/ooh/production/metal-and-plastic-machine-workers.htm
"     Environmental science and protection technicians, including health",/ooh/life-physical-and-social-science/environmental-science-and-protection-technicians.htm
     Private detectives and investigators,/ooh/protective-service/private-detectives-and-investigators.htm
"     Special education teachers, all other",/ooh/about/data-for-occupations-not-covered-in-detail.htm#252059
"     Pesticide handlers, sprayers, and applicators, vegetation",/ooh/building-and-grounds-cleaning/grounds-maintenance-workers.htm
     Hazardous materials removal workers,/ooh/construction-and-extraction/hazardous-materials-removal-workers.htm
"     Education administrators, all other",/ooh/about/data-for-occupations-not-covered-in-detail.htm#119039
"     Umpires, referees, and other sports officials",/ooh/entertainment-and-sports/umpires-referees-and-other-sports-officials.htm
"     Special education teachers, preschool",/ooh/education-training-and-library/special-education-teachers.htm
"     Earth drillers, except oil and gas; and explosives workers, ordnance handling experts, and blasters",/ooh/about/data-for-occupations-not-covered-in-detail.htm#475097
     Ophthalmic laboratory technicians,/ooh/production/dental-and-ophthalmic-laboratory-technicians-and-medical-appliance-technicians.htm
     Credit counselors,/ooh/about/data-for-occupations-not-covered-in-detail.htm#132071
     Licensed practical and licensed vocational nurses,/ooh/healthcare/licensed-practical-and-licensed-vocational-nurses.htm
     Respiratory therapists,/ooh/healthcare/respiratory-therapists.htm
     Manicurists and pedicurists,/ooh/personal-care-and-service/manicurists-and-pedicurists.htm
     Medical assistants,/ooh/healthcare/medical-assistants.htm
     Occupational therapy aides,/ooh/healthcare/occupational-therapy-assistants-and-aides.htm
     Helpers--extraction workers,/ooh/about/data-for-occupations-not-covered-in-detail.htm#475081
     Interpreters and translators,/ooh/media-and-communication/interpreters-and-translators.htm
     Genetic counselors,/ooh/healthcare/genetic-counselors.htm
     Massage therapists,/ooh/healthcare/massage-therapists.htm
"     Health specialties teachers, postsecondary",/ooh/education-training-and-library/postsecondary-teachers.htm
"     Bus drivers, transit and intercity",/ooh/transportation-and-material-moving/passenger-vehicle-drivers.htm
"     Service unit operators, oil and gas",/ooh/about/data-for-occupations-not-covered-in-detail.htm#475013
"     Cooks, restaurant",/ooh/food-preparation-and-serving/cooks.htm
     Animal caretakers,/ooh/personal-care-and-service/animal-care-and-service-workers.htm
     Security and fire alarm systems installers,/ooh/about/data-for-occupations-not-covered-in-detail.htm#492098
     Septic tank servicers and sewer pipe cleaners,/ooh/about/data-for-occupations-not-covered-in-detail.htm#474071
"     Floor layers, except carpet, wood, and hard tiles",/ooh/construction-and-extraction/tile-and-marble-setters.htm
     Athletes and sports competitors,/ooh/entertainment-and-sports/athletes-and-sports-competitors.htm
"     Rotary drill operators, oil and gas",/ooh/about/data-for-occupations-not-covered-in-detail.htm#475012
     Political scientists,/ooh/life-physical-and-social-science/political-scientists.htm
     Animal scientists,/ooh/life-physical-and-social-science/agricultural-and-food-scientists.htm
"     Entertainment attendants and related workers, all other",/ooh/about/data-for-occupations-not-covered-in-detail.htm#393099
"     Project management specialists and business operations specialists, all other",/ooh/about/data-for-occupations-not-covered-in-detail.htm#131198
     General and operations managers,/ooh/management/top-executives.htm
"     Computer occupations, all other",/ooh/about/data-for-occupations-not-covered-in-detail.htm#151299
     Bartenders,/ooh/food-preparation-and-serving/bartenders.htm
     Hearing aid specialists,/ooh/about/data-for-occupations-not-covered-in-detail.htm#292092
"     Pump operators, except wellhead pumpers",/ooh/about/data-for-occupations-not-covered-in-detail.htm#537072
     Farm labor contractors,/ooh/about/data-for-occupations-not-covered-in-detail.htm#131074
     Fast food and counter workers,/ooh/food-preparation-and-serving/food-and-beverage-serving-and-related-workers.htm
     Forest fire inspectors and prevention specialists,/ooh/protective-service/fire-inspectors-and-investigators.htm
     Landscaping and groundskeeping workers,/ooh/building-and-grounds-cleaning/grounds-maintenance-workers.htm
     Industrial engineers,/ooh/architecture-and-engineering/industrial-engineers.htm
     Paralegals and legal assistants,/ooh/legal/paralegals-and-legal-assistants.htm
     Amusement and recreation attendants,/ooh/about/data-for-occupations-not-covered-in-detail.htm#393091
     Self-enrichment teachers,/ooh/about/data-for-occupations-not-covered-in-detail.htm#253021
     Recreation workers,/ooh/personal-care-and-service/recreation-workers.htm
     Computer and information systems managers,/ooh/management/computer-and-information-systems-managers.htm
     Medical secretaries and administrative assistants,/ooh/office-and-administrative-support/secretaries-and-administrative-assistants.htm
     Rehabilitation counselors,/ooh/community-and-social-service/rehabilitation-counselors.htm
     Database administrators and architects,/ooh/computer-and-information-technology/database-administrators.htm
     Producers and directors,/ooh/entertainment-and-sports/producers-and-directors.htm
"     Roustabouts, oil and gas",/ooh/about/data-for-occupations-not-covered-in-detail.htm#475071
     Operations research analysts,/ooh/math/operations-research-analysts.htm
"     Substance abuse, behavioral disorder, and mental health counselors",/ooh/community-and-social-service/substance-abuse-behavioral-disorder-and-mental-health-counselors.htm
     Speech-language pathologists,/ooh/healthcare/speech-language-pathologists.htm
     Light truck drivers,/ooh/transportation-and-material-moving/delivery-truck-drivers-and-driver-sales-workers.htm
     First-line supervisors of food preparation and serving workers,/ooh/about/data-for-occupations-not-covered-in-detail.htm#351012
"     Sales representatives of services, except advertising, insurance, financial services, and travel",/ooh/about/data-for-occupations-not-covered-in-detail.htm#413091
     Emergency medical technicians and paramedics,/ooh/healthcare/emts-and-paramedics.htm
     Firefighters,/ooh/protective-service/firefighters.htm
     Administrative services and facilities managers,/ooh/management/administrative-services-managers.htm
"     Medical scientists, except epidemiologists",/ooh/life-physical-and-social-science/medical-scientists.htm
     Coaches and scouts,/ooh/entertainment-and-sports/coaches-and-scouts.htm
"     Child, family, and school social workers",/ooh/community-and-social-service/social-workers.htm
"     Community and social service specialists, all other",/ooh/about/data-for-occupations-not-covered-in-detail.htm#211099
"     Business teachers, postsecondary",/ooh/education-training-and-library/postsecondary-teachers.htm
     Residential advisors,/ooh/about/data-for-occupations-not-covered-in-detail.htm#399041
     Medical and health services managers,/ooh/management/medical-and-health-services-managers.htm
     Physical therapist assistants,/ooh/healthcare/physical-therapist-assistants-and-aides.htm
     Home health and personal care aides,/ooh/healthcare/home-health-aides-and-personal-care-aides.htm
     Occupational therapy assistants,/ooh/healthcare/occupational-therapy-assistants-and-aides.htm
     Chefs and head cooks,/ooh/food-preparation-and-serving/chefs-and-head-cooks.htm
     Human resources managers,/ooh/management/human-resources-managers.htm
     Shampooers,/ooh/about/data-for-occupations-not-covered-in-detail.htm#395093
     Exercise physiologists,/ooh/healthcare/exercise-physiologists.htm
"     Makeup artists, theatrical and performance",/ooh/about/data-for-occupations-not-covered-in-detail.htm#395091
     Management analysts,/ooh/business-and-financial/management-analysts.htm
"     Passenger vehicle drivers, except bus drivers, transit and intercity",/ooh/transportation-and-material-moving/passenger-vehicle-drivers.htm
"     First-line supervisors of personal service and entertainment and recreation workers, except gambling services",/ooh/about/data-for-occupations-not-covered-in-detail.htm#391098
"     First-line supervisors of landscaping, lawn service, and groundskeeping workers",/ooh/about/data-for-occupations-not-covered-in-detail.htm#371012
     Agricultural equipment operators,/ooh/farming-fishing-and-forestry/agricultural-workers.htm
     Urban and regional planners,/ooh/life-physical-and-social-science/urban-and-regional-planners.htm
     Psychiatric aides,/ooh/healthcare/psychiatric-technicians-and-aides.htm
     Tree trimmers and pruners,/ooh/building-and-grounds-cleaning/grounds-maintenance-workers.htm
     Health education specialists,/ooh/community-and-social-service/health-educators.htm
"     Derrick operators, oil and gas",/ooh/about/data-for-occupations-not-covered-in-detail.htm#475011
     Information security analysts,/ooh/computer-and-information-technology/information-security-analysts.htm
     Physician assistants,/ooh/healthcare/physician-assistants.htm
"     Data scientists and mathematical science occupations, all other",/ooh/about/data-for-occupations-not-covered-in-detail.htm#152098
     Police and sheriff’s patrol officers,/ooh/protective-service/police-and-detectives.htm
     Instructional coordinators,/ooh/education-training-and-library/instructional-coordinators.htm
     Computer network support specialists,/ooh/computer-and-information-technology/computer-support-specialists.htm
     Dental hygienists,/ooh/healthcare/dental-hygienists.htm
     Cargo and freight agents,/ooh/about/data-for-occupations-not-covered-in-detail.htm#435011
     Public safety telecommunicators,/ooh/office-and-administrative-support/police-fire-and-ambulance-dispatchers.htm
"     Art, drama, and music teachers, postsecondary",/ooh/education-training-and-library/postsecondary-teachers.htm
     Family medicine physicians,/ooh/healthcare/physicians-and-surgeons.htm
     Sales engineers,/ooh/sales/sales-engineers.htm
     First-line supervisors of firefighting and prevention workers,/ooh/about/data-for-occupations-not-covered-in-detail.htm#331021
     Wind turbine service technicians,/ooh/installation-maintenance-and-repair/wind-turbine-technicians.htm
     Psychiatric technicians,/ooh/healthcare/psychiatric-technicians-and-aides.htm
     Animal trainers,/ooh/personal-care-and-service/animal-care-and-service-workers.htm
"     Counselors, all other",/ooh/about/data-for-occupations-not-covered-in-detail.htm#211019
"     Gambling service workers, all other",/ooh/personal-care-and-service/gaming-services-occupations.htm
"     Maintenance workers, machinery",/ooh/installation-maintenance-and-repair/industrial-machinery-mechanics-and-maintenance-workers-and-millwrights.htm
     Crossing guards and flaggers,/ooh/about/data-for-occupations-not-covered-in-detail.htm#339091
     Audio and video technicians,/ooh/media-and-communication/broadcast-and-sound-engineering-technicians.htm
     Psychiatrists,/ooh/healthcare/physicians-and-surgeons.htm
"     Agents and business managers of artists, performers, and athletes",/ooh/about/data-for-occupations-not-covered-in-detail.htm#131011
     Museum technicians and conservators,/ooh/education-training-and-library/curators-museum-technicians-and-conservators.htm
     Medical appliance technicians,/ooh/production/dental-and-ophthalmic-laboratory-technicians-and-medical-appliance-technicians.htm
     Nurse midwives,/ooh/healthcare/nurse-anesthetists-nurse-midwives-and-nurse-practitioners.htm
     Statisticians,/ooh/math/mathematicians-and-statisticians.htm
     Solar photovoltaic installers,/ooh/construction-and-extraction/solar-photovoltaic-installers.htm
     Nurse practitioners,/ooh/healthcare/nurse-anesthetists-nurse-midwives-and-nurse-practitioners.htm
     Radiation therapists,/ooh/healthcare/radiation-therapists.htm
     Concierges,/ooh/about/data-for-occupations-not-covered-in-detail.htm#396012
     Economists,/ooh/life-physical-and-social-science/economists.htm
     Choreographers,/ooh/entertainment-and-sports/dancers-and-choreographers.htm
"     Therapists, all other",/ooh/about/data-for-occupations-not-covered-in-detail.htm#291129
     Computer and information research scientists,/ooh/computer-and-information-technology/computer-and-information-research-scientists.htm
     Human resources specialists,/ooh/business-and-financial/human-resources-specialists.htm
     Environmental engineering technologists and technicians,/ooh/architecture-and-engineering/environmental-engineering-technicians.htm
"     Law teachers, postsecondary",/ooh/education-training-and-library/postsecondary-teachers.htm
     Elevator and escalator installers and repairers,/ooh/construction-and-extraction/elevator-installers-and-repairers.htm
"     Philosophy and religion teachers, postsecondary",/ooh/education-training-and-library/postsecondary-teachers.htm
     Magnetic resonance imaging technologists,/ooh/healthcare/radiologic-technologists.htm
     Aerospace engineering and operations technologists and technicians,/ooh/architecture-and-engineering/aerospace-engineering-and-operations-technicians.htm
     Animal control workers,/ooh/about/data-for-occupations-not-covered-in-detail.htm#339011
"     Criminal justice and law enforcement teachers, postsecondary",/ooh/education-training-and-library/postsecondary-teachers.htm
"     Grounds maintenance workers, all other",/ooh/building-and-grounds-cleaning/grounds-maintenance-workers.htm
     Soil and plant scientists,/ooh/life-physical-and-social-science/agricultural-and-food-scientists.htm
     Physicists,/ooh/life-physical-and-social-science/physicists-and-astronomers.htm
     Audiologists,/ooh/healthcare/audiologists.htm
     Curators,/ooh/education-training-and-library/curators-museum-technicians-and-conservators.htm
     Healthcare social workers,/ooh/community-and-social-service/social-workers.htm
     Fundraisers,/ooh/business-and-financial/fundraisers.htm
     Ophthalmic medical technicians,/ooh/about/data-for-occupations-not-covered-in-detail.htm#292057
     Nurse anesthetists,/ooh/healthcare/nurse-anesthetists-nurse-midwives-and-nurse-practitioners.htm
"     Camera operators, television, video, and film",/ooh/media-and-communication/film-and-video-editors-and-camera-operators.htm
     Forensic science technicians,/ooh/life-physical-and-social-science/forensic-science-technicians.htm
     Security guards,/ooh/about/data-for-occupations-not-covered-in-detail.htm#339032
"     Welders, cutters, solderers, and brazers",/ooh/production/welders-cutters-solderers-and-brazers.htm
     Driver/sales workers,/ooh/transportation-and-material-moving/delivery-truck-drivers-and-driver-sales-workers.htm
"     Substitute teachers, short-term",/ooh/about/data-for-occupations-not-covered-in-detail.htm#253031
     Industrial truck and tractor operators,/ooh/transportation-and-material-moving/material-moving-machine-operators.htm
     Bus and truck mechanics and diesel engine specialists,/ooh/installation-maintenance-and-repair/diesel-service-technicians-and-mechanics.htm
     Loan officers,/ooh/business-and-financial/loan-officers.htm
     Training and development managers,/ooh/management/training-and-development-managers.htm
     Millwrights,/ooh/installation-maintenance-and-repair/industrial-machinery-mechanics-and-maintenance-workers-and-millwrights.htm
     Technical writers,/ooh/media-and-communication/technical-writers.htm
     Financial examiners,/ooh/business-and-financial/financial-examiners.htm
     Barbers,/ooh/personal-care-and-service/barbers-hairstylists-and-cosmetologists.htm
"     Food preparation and serving related workers, all other",/ooh/food-preparation-and-serving/food-and-beverage-serving-and-related-workers.htm
"     Healthcare support workers, all other",/ooh/about/data-for-occupations-not-covered-in-detail.htm#319099
     Surgical technologists,/ooh/healthcare/surgical-technologists.htm
     Community health workers,/ooh/community-and-social-service/health-educators.htm
     Exercise trainers and group fitness instructors,/ooh/personal-care-and-service/fitness-trainers-and-instructors.htm
     Financial managers,/ooh/management/financial-managers.htm
     Athletic trainers,/ooh/healthcare/athletic-trainers.htm
     Parking attendants,/ooh/about/data-for-occupations-not-covered-in-detail.htm#536021
     Radiologic technologists and technicians,/ooh/healthcare/radiologic-technologists.htm
     Marketing managers,/ooh/management/advertising-promotions-and-marketing-managers.htm
"     Food servers, nonrestaurant",/ooh/food-preparation-and-serving/food-and-beverage-serving-and-related-workers.htm
     Public relations specialists,/ooh/media-and-communication/public-relations-specialists.htm
     Helpers--production workers,/ooh/about/data-for-occupations-not-covered-in-detail.htm#519198
     Dental assistants,/ooh/healthcare/dental-assistants.htm
     Clinical laboratory technologists and technicians,/ooh/healthcare/clinical-laboratory-technologists-and-technicians.htm
"     Tutors and teachers and instructors, all other",/ooh/about/data-for-occupations-not-covered-in-detail.htm#253097
     Dining room and cafeteria attendants and bartender helpers,/ooh/food-preparation-and-serving/food-and-beverage-serving-and-related-workers.htm
     Computer systems analysts,/ooh/computer-and-information-technology/computer-systems-analysts.htm
     Bill and account collectors,/ooh/office-and-administrative-support/bill-and-account-collectors.htm
"     Bookkeeping, accounting, and auditing clerks",/ooh/office-and-administrative-support/bookkeeping-accounting-and-auditing-clerks.htm
"     Farmers, ranchers, and other agricultural managers",/ooh/management/farmers-ranchers-and-other-agricultural-managers.htm
"     Railroad brake, signal, and switch operators and locomotive firers",/ooh/transportation-and-material-moving/railroad-occupations.htm
"     Rail transportation workers, all other",/ooh/about/data-for-occupations-not-covered-in-detail.htm#534099
"     Dentists, general",/ooh/healthcare/dentists.htm
     Construction and building inspectors,/ooh/construction-and-extraction/construction-and-building-inspectors.htm
     Automotive body and related repairers,/ooh/installation-maintenance-and-repair/automotive-body-and-glass-repairers.htm
"     Special education teachers, secondary school",/ooh/education-training-and-library/special-education-teachers.htm
"     Ushers, lobby attendants, and ticket takers",/ooh/about/data-for-occupations-not-covered-in-detail.htm#393031
"     Interviewers, except eligibility and loan",/ooh/office-and-administrative-support/information-clerks.htm
"     Information and record clerks, all other",/ooh/office-and-administrative-support/information-clerks.htm
     Architectural and engineering managers,/ooh/management/architectural-and-engineering-managers.htm
"     Life, physical, and social science technicians, all other",/ooh/about/data-for-occupations-not-covered-in-detail.htm#194099
"     Paving, surfacing, and tamping equipment operators",/ooh/construction-and-extraction/construction-equipment-operators.htm
     Baggage porters and bellhops,/ooh/about/data-for-occupations-not-covered-in-detail.htm#396011
"     Graders and sorters, agricultural products",/ooh/about/data-for-occupations-not-covered-in-detail.htm#452041
     Metal-refining furnace operators and tenders,/ooh/production/metal-and-plastic-machine-workers.htm
     Motorboat operators,/ooh/transportation-and-material-moving/water-transportation-occupations.htm
     Machine feeders and offbearers,/ooh/transportation-and-material-moving/hand-laborers-and-material-movers.htm
     Conveyor operators and tenders,/ooh/transportation-and-material-moving/material-moving-machine-operators.htm
"     Control and valve installers and repairers, except mechanical door",/ooh/about/data-for-occupations-not-covered-in-detail.htm#499012
     Tire builders,/ooh/about/data-for-occupations-not-covered-in-detail.htm#519197
"     First-line supervisors of mechanics, installers, and repairers",/ooh/about/data-for-occupations-not-covered-in-detail.htm#491011
"     Clinical, counseling, and school psychologists",/ooh/life-physical-and-social-science/psychologists.htm
"     Special education teachers, kindergarten and elementary school",/ooh/education-training-and-library/special-education-teachers.htm
"     Teaching assistants, postsecondary",/ooh/about/data-for-occupations-not-covered-in-detail.htm#259044
     Commercial divers,/ooh/about/data-for-occupations-not-covered-in-detail.htm#499092
     Chemists,/ooh/life-physical-and-social-science/chemists-and-materials-scientists.htm
     Biological technicians,/ooh/life-physical-and-social-science/biological-technicians.htm
     Orderlies,/ooh/healthcare/nursing-assistants.htm
     Medical equipment repairers,/ooh/installation-maintenance-and-repair/medical-equipment-repairers.htm
     Cardiovascular technologists and technicians,/ooh/healthcare/diagnostic-medical-sonographers.htm
"     Weighers, measurers, checkers, and samplers, recordkeeping",/ooh/office-and-administrative-support/material-recording-clerks.htm
     Tour and travel guides,/ooh/about/data-for-occupations-not-covered-in-detail.htm#397010
"     Social workers, all other",/ooh/community-and-social-service/social-workers.htm
     Natural sciences managers,/ooh/management/natural-sciences-managers.htm
"     Crushing, grinding, and polishing machine setters, operators, and tenders",/ooh/about/data-for-occupations-not-covered-in-detail.htm#519021
"     Molders, shapers, and casters, except metal and plastic",/ooh/about/data-for-occupations-not-covered-in-detail.htm#519195
     Insurance underwriters,/ooh/business-and-financial/insurance-underwriters.htm
"     Paper goods machine setters, operators, and tenders",/ooh/about/data-for-occupations-not-covered-in-detail.htm#519196
     Brickmasons and blockmasons,/ooh/construction-and-extraction/brickmasons-blockmasons-and-stonemasons.htm
     Advertising sales agents,/ooh/sales/advertising-sales-agents.htm
"     Claims adjusters, examiners, and investigators",/ooh/business-and-financial/claims-adjusters-appraisers-examiners-and-investigators.htm
"     Geoscientists, except hydrologists and geographers",/ooh/life-physical-and-social-science/geoscientists.htm
     Pipelayers,/ooh/about/data-for-occupations-not-covered-in-detail.htm#472151
     Nuclear medicine technologists,/ooh/healthcare/nuclear-medicine-technologists.htm
"     Political science teachers, postsecondary",/ooh/education-training-and-library/postsecondary-teachers.htm
     Bioengineers and biomedical engineers,/ooh/architecture-and-engineering/biomedical-engineers.htm
     Construction laborers,/ooh/construction-and-extraction/construction-laborers-and-helpers.htm
"     First-line supervisors of transportation and material-moving workers, except aircraft cargo handling supervisors",/ooh/about/data-for-occupations-not-covered-in-detail.htm#531047
"     Financial and investment analysts, financial risk specialists, and financial specialists, all other",/ooh/business-and-financial/financial-analysts.htm
     Bailiffs,/ooh/protective-service/correctional-officers.htm
     Mechanical engineering technologists and technicians,/ooh/architecture-and-engineering/mechanical-engineering-technicians.htm
     Environmental engineers,/ooh/architecture-and-engineering/environmental-engineers.htm
     Civil engineering technologists and technicians,/ooh/architecture-and-engineering/civil-engineering-technicians.htm
"     Computer science teachers, postsecondary",/ooh/education-training-and-library/postsecondary-teachers.htm
"     Judges, magistrate judges, and magistrates",/ooh/legal/judges-and-hearing-officers.htm
     Petroleum engineers,/ooh/architecture-and-engineering/petroleum-engineers.htm
"     Communications teachers, postsecondary",/ooh/education-training-and-library/postsecondary-teachers.htm
"     Excavating and loading machine and dragline operators, surface mining",/ooh/transportation-and-material-moving/material-moving-machine-operators.htm
     Insurance sales agents,/ooh/sales/insurance-sales-agents.htm
     First-line supervisors of construction trades and extraction workers,/ooh/about/data-for-occupations-not-covered-in-detail.htm#471011
     Carpenters,/ooh/construction-and-extraction/carpenters.htm
     Maids and housekeeping cleaners,/ooh/about/data-for-occupations-not-covered-in-detail.htm#372012
     First-line supervisors of production and operating workers,/ooh/about/data-for-occupations-not-covered-in-detail.htm#511011
"     Petroleum pump system operators, refinery operators, and gaugers",/ooh/about/data-for-occupations-not-covered-in-detail.htm#518093
"     Social sciences teachers, postsecondary, all other",/ooh/education-training-and-library/postsecondary-teachers.htm
"     Captains, mates, and pilots of water vessels",/ooh/transportation-and-material-moving/water-transportation-occupations.htm
"     Acupuncturists and healthcare diagnosing or treating practitioners, all other",/ooh/about/data-for-occupations-not-covered-in-detail.htm#291298
     Anesthesiologists,/ooh/healthcare/physicians-and-surgeons.htm
     Drywall and ceiling tile installers,/ooh/construction-and-extraction/drywall-and-ceiling-tile-installers-and-tapers.htm
     Laundry and dry-cleaning workers,/ooh/about/data-for-occupations-not-covered-in-detail.htm#516011
"     Property, real estate, and community association managers",/ooh/management/property-real-estate-and-community-association-managers.htm
"     Painters, construction and maintenance",/ooh/construction-and-extraction/painters-construction-and-maintenance.htm
     Dishwashers,/ooh/about/data-for-occupations-not-covered-in-detail.htm#359021
"     Directors, religious activities and education",/ooh/about/data-for-occupations-not-covered-in-detail.htm#212021
"     Airline pilots, copilots, and flight engineers",/ooh/transportation-and-material-moving/airline-and-commercial-pilots.htm
     Slaughterers and meat packers,/ooh/about/data-for-occupations-not-covered-in-detail.htm#513023
     Real estate brokers,/ooh/sales/real-estate-brokers-and-sales-agents.htm
     Demonstrators and product promoters,/ooh/about/data-for-occupations-not-covered-in-detail.htm#419011
     Aerospace engineers,/ooh/architecture-and-engineering/aerospace-engineers.htm
     Budget analysts,/ooh/business-and-financial/budget-analysts.htm
     Chemical technicians,/ooh/life-physical-and-social-science/chemical-technicians.htm
"     Motor vehicle operators, all other",/ooh/about/data-for-occupations-not-covered-in-detail.htm#533099
     Purchasing managers,/ooh/business-and-financial/purchasing-managers-buyers-and-purchasing-agents.htm
     Actors,/ooh/entertainment-and-sports/actors.htm
"     Religious workers, all other",/ooh/about/data-for-occupations-not-covered-in-detail.htm#212099
"     Special education teachers, middle school",/ooh/education-training-and-library/special-education-teachers.htm
     Property appraisers and assessors,/ooh/business-and-financial/appraisers-and-assessors-of-real-estate.htm
     Riggers,/ooh/about/data-for-occupations-not-covered-in-detail.htm#499096
     Conservation scientists,/ooh/life-physical-and-social-science/conservation-scientists.htm
"     Insulation workers, mechanical",/ooh/construction-and-extraction/insulation-workers.htm
"     Lighting technicians and media and communication equipment workers, all other",/ooh/about/data-for-occupations-not-covered-in-detail.htm#274098
     Judicial law clerks,/ooh/about/data-for-occupations-not-covered-in-detail.htm#231012
"     Agricultural workers, all other",/ooh/farming-fishing-and-forestry/agricultural-workers.htm
     Electro-mechanical and mechatronics technologists and technicians,/ooh/architecture-and-engineering/electro-mechanical-technicians.htm
"     Precision instrument and equipment repairers, all other",/ooh/about/data-for-occupations-not-covered-in-detail.htm#499069
"     Career/technical education teachers, middle school",/ooh/education-training-and-library/career-and-technical-education-teachers.htm
     Aircraft mechanics and service technicians,/ooh/installation-maintenance-and-repair/aircraft-and-avionics-equipment-mechanics-and-technicians.htm
     First-line supervisors of police and detectives,/ooh/about/data-for-occupations-not-covered-in-detail.htm#331012
"     Artists and related workers, all other",/ooh/arts-and-design/craft-and-fine-artists.htm
     Ship engineers,/ooh/transportation-and-material-moving/water-transportation-occupations.htm
     Boilermakers,/ooh/construction-and-extraction/boilermakers.htm
     Helpers--roofers,/ooh/construction-and-extraction/construction-laborers-and-helpers.htm
     Materials scientists,/ooh/life-physical-and-social-science/chemists-and-materials-scientists.htm
     Librarians and media collections specialists,/ooh/education-training-and-library/librarians.htm
     Highway maintenance workers,/ooh/about/data-for-occupations-not-covered-in-detail.htm#474051
"     Court, municipal, and license clerks",/ooh/office-and-administrative-support/information-clerks.htm
     Computer network architects,/ooh/computer-and-information-technology/computer-network-architects.htm
     Structural iron and steel workers,/ooh/construction-and-extraction/structural-iron-and-steel-workers.htm
"     Education teachers, postsecondary",/ooh/education-training-and-library/postsecondary-teachers.htm
"     Helpers--pipelayers, plumbers, pipefitters, and steamfitters",/ooh/construction-and-extraction/construction-laborers-and-helpers.htm
     Legislators,/ooh/about/data-for-occupations-not-covered-in-detail.htm#111031
     Medical equipment preparers,/ooh/about/data-for-occupations-not-covered-in-detail.htm#319093
     Dietetic technicians,/ooh/about/data-for-occupations-not-covered-in-detail.htm#292051
     Compliance officers,/ooh/about/data-for-occupations-not-covered-in-detail.htm#131041
     Electrical engineers,/ooh/architecture-and-engineering/electrical-and-electronics-engineers.htm
     Bakers,/ooh/production/bakers.htm
     Automotive glass installers and repairers,/ooh/installation-maintenance-and-repair/automotive-body-and-glass-repairers.htm
"     Food processing workers, all other",/ooh/production/food-and-tobacco-processing-workers.htm
     Forest and conservation workers,/ooh/farming-fishing-and-forestry/forest-and-conservation-workers.htm
     Podiatrists,/ooh/healthcare/podiatrists.htm
"     Dentists, all other specialists",/ooh/healthcare/dentists.htm
"     Administrative law judges, adjudicators, and hearing officers",/ooh/legal/judges-and-hearing-officers.htm
"     Plant and system operators, all other",/ooh/about/data-for-occupations-not-covered-in-detail.htm#518099
"     Model makers, wood",/ooh/about/data-for-occupations-not-covered-in-detail.htm#517031
"     Cooks, all other",/ooh/food-preparation-and-serving/cooks.htm
     Broadcast technicians,/ooh/media-and-communication/broadcast-and-sound-engineering-technicians.htm
"     Recreation and fitness studies teachers, postsecondary",/ooh/about/data-for-occupations-not-covered-in-detail.htm#251193
     Rail-track laying and maintenance equipment operators,/ooh/about/data-for-occupations-not-covered-in-detail.htm#474061
     Compensation and benefits managers,/ooh/management/compensation-and-benefits-managers.htm
     Microbiologists,/ooh/life-physical-and-social-science/microbiologists.htm
"     Library science teachers, postsecondary",/ooh/education-training-and-library/postsecondary-teachers.htm
     Mathematicians,/ooh/math/mathematicians-and-statisticians.htm
"     Geography teachers, postsecondary",/ooh/education-training-and-library/postsecondary-teachers.htm
     Camera and photographic equipment repairers,/ooh/about/data-for-occupations-not-covered-in-detail.htm#499061
     Historians,/ooh/life-physical-and-social-science/historians.htm
     Social science research assistants,/ooh/about/data-for-occupations-not-covered-in-detail.htm#194061
"     Rock splitters, quarry",/ooh/about/data-for-occupations-not-covered-in-detail.htm#475051
     Transit and railroad police,/ooh/protective-service/police-and-detectives.htm
     Dredge operators,/ooh/transportation-and-material-moving/material-moving-machine-operators.htm
     Travel agents,/ooh/sales/travel-agents.htm
     Data entry keyers,/ooh/about/data-for-occupations-not-covered-in-detail.htm#439021
"     Credit authorizers, checkers, and clerks",/ooh/office-and-administrative-support/financial-clerks.htm
"     Cutting and slicing machine setters, operators, and tenders",/ooh/about/data-for-occupations-not-covered-in-detail.htm#519032
     Broadcast announcers and radio disc jockeys,/ooh/media-and-communication/announcers.htm
     Tool and die makers,/ooh/production/machinists-and-tool-and-die-makers.htm
     Interior designers,/ooh/arts-and-design/interior-designers.htm
     Credit analysts,/ooh/about/data-for-occupations-not-covered-in-detail.htm#132041
"     Human resources assistants, except payroll and timekeeping",/ooh/office-and-administrative-support/information-clerks.htm
"     Packers and packagers, hand",/ooh/transportation-and-material-moving/hand-laborers-and-material-movers.htm
"     Office clerks, general",/ooh/office-and-administrative-support/general-office-clerks.htm
     First-line supervisors of retail sales workers,/ooh/about/data-for-occupations-not-covered-in-detail.htm#411011
"     Patternmakers, wood",/ooh/about/data-for-occupations-not-covered-in-detail.htm#517032
     Forest and conservation technicians,/ooh/about/data-for-occupations-not-covered-in-detail.htm#194071
     Biochemists and biophysicists,/ooh/life-physical-and-social-science/biochemists-and-biophysicists.htm
     Miscellaneous construction and related workers,/ooh/about/data-for-occupations-not-covered-in-detail.htm#474090
"     Aircraft service attendants and transportation workers, all other",/ooh/about/data-for-occupations-not-covered-in-detail.htm#536098
     Parking enforcement workers,/ooh/about/data-for-occupations-not-covered-in-detail.htm#333041
     Word processors and typists,/ooh/about/data-for-occupations-not-covered-in-detail.htm#439022
     Nuclear power reactor operators,/ooh/production/power-plant-operators-distributors-and-dispatchers.htm
     Watch and clock repairers,/ooh/about/data-for-occupations-not-covered-in-detail.htm#499064
"     Cutters and trimmers, hand",/ooh/about/data-for-occupations-not-covered-in-detail.htm#519031
     Telephone operators,/ooh/about/data-for-occupations-not-covered-in-detail.htm#432021
"     Foreign language and literature teachers, postsecondary",/ooh/education-training-and-library/postsecondary-teachers.htm
     Sound engineering technicians,/ooh/media-and-communication/broadcast-and-sound-engineering-technicians.htm
"     Social work teachers, postsecondary",/ooh/education-training-and-library/postsecondary-teachers.htm
     Statistical assistants,/ooh/about/data-for-occupations-not-covered-in-detail.htm#439111
     Fire inspectors and investigators,/ooh/protective-service/fire-inspectors-and-investigators.htm
     Gambling cage workers,/ooh/office-and-administrative-support/financial-clerks.htm
     Traffic technicians,/ooh/about/data-for-occupations-not-covered-in-detail.htm#536041
     Gambling surveillance officers and gambling investigators,/ooh/about/data-for-occupations-not-covered-in-detail.htm#339031
     Atmospheric and space scientists,/ooh/life-physical-and-social-science/atmospheric-scientists-including-meteorologists.htm
     Airfield operations specialists,/ooh/about/data-for-occupations-not-covered-in-detail.htm#532022
"     Tool grinders, filers, and sharpeners",/ooh/about/data-for-occupations-not-covered-in-detail.htm#514194
     Hoist and winch operators,/ooh/transportation-and-material-moving/material-moving-machine-operators.htm
     Etchers and engravers,/ooh/about/data-for-occupations-not-covered-in-detail.htm#519194
"     Woodworkers, all other",/ooh/about/data-for-occupations-not-covered-in-detail.htm#517099
"     Helpers--brickmasons, blockmasons, stonemasons, and tile and marble setters",/ooh/construction-and-extraction/construction-laborers-and-helpers.htm
     Fiberglass laminators and fabricators,/ooh/production/assemblers-and-fabricators.htm
"     Textile, apparel, and furnishings workers, all other",/ooh/about/data-for-occupations-not-covered-in-detail.htm#516099
     Set and exhibit designers,/ooh/about/data-for-occupations-not-covered-in-detail.htm#271027
     Sailors and marine oilers,/ooh/transportation-and-material-moving/water-transportation-occupations.htm
"     Social scientists and related workers, all other",/ooh/about/data-for-occupations-not-covered-in-detail.htm#193099
"     Fine artists, including painters, sculptors, and illustrators",/ooh/arts-and-design/craft-and-fine-artists.htm
     Semiconductor processing technicians,/ooh/about/data-for-occupations-not-covered-in-detail.htm#519141
     Motorboat mechanics and service technicians,/ooh/installation-maintenance-and-repair/small-engine-mechanics.htm
     Food cooking machine operators and tenders,/ooh/production/food-and-tobacco-processing-workers.htm
"     Cleaning, washing, and metal pickling equipment operators and tenders",/ooh/about/data-for-occupations-not-covered-in-detail.htm#519192
     Marine engineers and naval architects,/ooh/architecture-and-engineering/marine-engineers-and-naval-architects.htm
     Electrical and electronics drafters,/ooh/architecture-and-engineering/drafters.htm
"     Drafters, all other",/ooh/architecture-and-engineering/drafters.htm
     Fish and game wardens,/ooh/protective-service/police-and-detectives.htm
     Industrial-organizational psychologists,/ooh/life-physical-and-social-science/psychologists.htm
     Postmasters and mail superintendents,/ooh/about/data-for-occupations-not-covered-in-detail.htm#119131
     Legal secretaries and administrative assistants,/ooh/office-and-administrative-support/secretaries-and-administrative-assistants.htm
     Manufactured building and mobile home installers,/ooh/about/data-for-occupations-not-covered-in-detail.htm#499095
"     Forging machine setters, operators, and tenders, metal and plastic",/ooh/production/metal-and-plastic-machine-workers.htm
     Prepress technicians and workers,/ooh/about/data-for-occupations-not-covered-in-detail.htm#515111
     Executive secretaries and executive administrative assistants,/ooh/office-and-administrative-support/secretaries-and-administrative-assistants.htm
     Floral designers,/ooh/arts-and-design/floral-designers.htm
"     Door-to-door sales workers, news and street vendors, and related workers",/ooh/about/data-for-occupations-not-covered-in-detail.htm#419091
     Nuclear technicians,/ooh/life-physical-and-social-science/nuclear-technicians.htm
     Photographic process workers and processing machine operators,/ooh/about/data-for-occupations-not-covered-in-detail.htm#519151
"     Library assistants, clerical",/ooh/education-training-and-library/library-technicians-and-assistants.htm
"     Cooks, short order",/ooh/food-preparation-and-serving/cooks.htm
     Payroll and timekeeping clerks,/ooh/office-and-administrative-support/financial-clerks.htm
     Stockers and order fillers,/ooh/office-and-administrative-support/material-recording-clerks.htm
"     Sales representatives, wholesale and manufacturing, except technical and scientific products",/ooh/sales/wholesale-and-manufacturing-sales-representatives.htm
     Packaging and filling machine operators and tenders,/ooh/about/data-for-occupations-not-covered-in-detail.htm#519111
"     Electrical, electronic, and electromechanical assemblers, except coil winders, tapers, and finishers",/ooh/production/assemblers-and-fabricators.htm
     Counter and rental clerks,/ooh/about/data-for-occupations-not-covered-in-detail.htm#412021
"     Electronics engineers, except computer",/ooh/architecture-and-engineering/electrical-and-electronics-engineers.htm
     Food batchmakers,/ooh/production/food-and-tobacco-processing-workers.htm
"     Engineers, all other",/ooh/about/data-for-occupations-not-covered-in-detail.htm#172199
     Food service managers,/ooh/management/food-service-managers.htm
     Musicians and singers,/ooh/entertainment-and-sports/musicians-and-singers.htm
"     Mixing and blending machine setters, operators, and tenders",/ooh/about/data-for-occupations-not-covered-in-detail.htm#519023
     Industrial production managers,/ooh/management/industrial-production-managers.htm
     Motorcycle mechanics,/ooh/installation-maintenance-and-repair/small-engine-mechanics.htm
     Gambling and sports book writers and runners,/ooh/personal-care-and-service/gaming-services-occupations.htm
"     Tailors, dressmakers, and custom sewers",/ooh/about/data-for-occupations-not-covered-in-detail.htm#516052
     Commercial and industrial designers,/ooh/arts-and-design/industrial-designers.htm
     Upholsterers,/ooh/about/data-for-occupations-not-covered-in-detail.htm#516093
     Fashion designers,/ooh/arts-and-design/fashion-designers.htm
"     Tax examiners and collectors, and revenue agents",/ooh/business-and-financial/tax-examiners-and-collectors-and-revenue-agents.htm
     Photographers,/ooh/media-and-communication/photographers.htm
     Library technicians,/ooh/education-training-and-library/library-technicians-and-assistants.htm
     Air traffic controllers,/ooh/transportation-and-material-moving/air-traffic-controllers.htm
"     Family and consumer sciences teachers, postsecondary",/ooh/about/data-for-occupations-not-covered-in-detail.htm#251192
     Models,/ooh/sales/models.htm
     Bridge and lock tenders,/ooh/about/data-for-occupations-not-covered-in-detail.htm#536011
     Avionics technicians,/ooh/installation-maintenance-and-repair/aircraft-and-avionics-equipment-mechanics-and-technicians.htm
"     Health and safety engineers, except mining safety engineers and inspectors",/ooh/architecture-and-engineering/health-and-safety-engineers.htm
"     Chemistry teachers, postsecondary",/ooh/education-training-and-library/postsecondary-teachers.htm
     Plasterers and stucco masons,/ooh/about/data-for-occupations-not-covered-in-detail.htm#472161
"     Helpers, construction trades, all other",/ooh/construction-and-extraction/construction-laborers-and-helpers.htm
     Passenger attendants,/ooh/about/data-for-occupations-not-covered-in-detail.htm#536061
"     Electric motor, power tool, and related repairers",/ooh/installation-maintenance-and-repair/electrical-and-electronics-installers-and-repairers.htm
"     Physics teachers, postsecondary",/ooh/education-training-and-library/postsecondary-teachers.htm
     Zoologists and wildlife biologists,/ooh/life-physical-and-social-science/zoologists-and-wildlife-biologists.htm
     Mechanical door repairers,/ooh/about/data-for-occupations-not-covered-in-detail.htm#499011
"     History teachers, postsecondary",/ooh/education-training-and-library/postsecondary-teachers.htm
     Agricultural and food science technicians,/ooh/life-physical-and-social-science/agricultural-and-food-science-technicians.htm
     Cartographers and photogrammetrists,/ooh/architecture-and-engineering/cartographers-and-photogrammetrists.htm
"     Sociology teachers, postsecondary",/ooh/education-training-and-library/postsecondary-teachers.htm
     Food scientists and technologists,/ooh/life-physical-and-social-science/agricultural-and-food-scientists.htm
     Wellhead pumpers,/ooh/about/data-for-occupations-not-covered-in-detail.htm#537073
"     Radio, cellular, and tower equipment installers and repairers",/ooh/about/data-for-occupations-not-covered-in-detail.htm#492021
"     Switchboard operators, including answering service",/ooh/about/data-for-occupations-not-covered-in-detail.htm#432011
"     Electronic equipment installers and repairers, motor vehicles",/ooh/installation-maintenance-and-repair/electrical-and-electronics-installers-and-repairers.htm
     Timing device assemblers and adjusters,/ooh/production/assemblers-and-fabricators.htm
     Cooling and freezing equipment operators and tenders,/ooh/about/data-for-occupations-not-covered-in-detail.htm#519193
     Foresters,/ooh/life-physical-and-social-science/conservation-scientists.htm
     Emergency management directors,/ooh/about/data-for-occupations-not-covered-in-detail.htm#119161
     Pile driver operators,/ooh/construction-and-extraction/construction-equipment-operators.htm
"     Environmental science teachers, postsecondary",/ooh/education-training-and-library/postsecondary-teachers.htm
"     Anthropology and archeology teachers, postsecondary",/ooh/education-training-and-library/postsecondary-teachers.htm
"     Mining and geological engineers, including mining safety engineers",/ooh/architecture-and-engineering/mining-and-geological-engineers.htm
     Sociologists,/ooh/life-physical-and-social-science/sociologists.htm
     Sheet metal workers,/ooh/construction-and-extraction/sheet-metal-workers.htm
     Industrial engineering technologists and technicians,/ooh/architecture-and-engineering/industrial-engineering-technicians.htm
"     Architects, except landscape and naval",/ooh/architecture-and-engineering/architects.htm
"     Mobile heavy equipment mechanics, except engines",/ooh/installation-maintenance-and-repair/heavy-vehicle-and-mobile-equipment-service-technicians.htm
     Detectives and criminal investigators,/ooh/protective-service/police-and-detectives.htm
"     Career/technical education teachers, postsecondary",/ooh/education-training-and-library/career-and-technical-education-teachers.htm
"     Education and childcare administrators, preschool and daycare",/ooh/management/preschool-and-childcare-center-directors.htm
"     Sales representatives, wholesale and manufacturing, technical and scientific products",/ooh/sales/wholesale-and-manufacturing-sales-representatives.htm
"     Eligibility interviewers, government programs",/ooh/office-and-administrative-support/information-clerks.htm
"     Educational instruction and library workers, all other",/ooh/about/data-for-occupations-not-covered-in-detail.htm#259099
"     School bus monitors and protective service workers, all other",/ooh/about/data-for-occupations-not-covered-in-detail.htm#339098
"     Education administrators, postsecondary",/ooh/management/postsecondary-education-administrators.htm
     Logisticians,/ooh/business-and-financial/logisticians.htm
     Occupational health and safety specialists,/ooh/healthcare/occupational-health-and-safety-specialists-and-technicians.htm
"     Helpers--installation, maintenance, and repair workers",/ooh/about/data-for-occupations-not-covered-in-detail.htm#499098
     Structural metal fabricators and fitters,/ooh/production/assemblers-and-fabricators.htm
     Tellers,/ooh/office-and-administrative-support/tellers.htm
     Engine and other machine assemblers,/ooh/production/assemblers-and-fabricators.htm
     Print binding and finishing workers,/ooh/about/data-for-occupations-not-covered-in-detail.htm#515113
     New accounts clerks,/ooh/office-and-administrative-support/financial-clerks.htm
     Power plant operators,/ooh/production/power-plant-operators-distributors-and-dispatchers.htm
     File clerks,/ooh/office-and-administrative-support/information-clerks.htm
"     Logging workers, all other",/ooh/farming-fishing-and-forestry/logging-workers.htm
     Shoe machine operators and tenders,/ooh/about/data-for-occupations-not-covered-in-detail.htm#516042
"     Mathematical science teachers, postsecondary",/ooh/education-training-and-library/postsecondary-teachers.htm
     Farm equipment mechanics and service technicians,/ooh/installation-maintenance-and-repair/heavy-vehicle-and-mobile-equipment-service-technicians.htm
     Helpers--carpenters,/ooh/construction-and-extraction/construction-laborers-and-helpers.htm
"     Office and administrative support workers, all other",/ooh/about/data-for-occupations-not-covered-in-detail.htm#439199
     Clergy,/ooh/about/data-for-occupations-not-covered-in-detail.htm#212011
"     Education administrators, kindergarten through secondary",/ooh/management/elementary-middle-and-high-school-principals.htm
     Personal financial advisors,/ooh/business-and-financial/personal-financial-advisors.htm
     Mechanical engineers,/ooh/architecture-and-engineering/mechanical-engineers.htm
"     Coil winders, tapers, and finishers",/ooh/production/assemblers-and-fabricators.htm
"     Drilling and boring machine tool setters, operators, and tenders, metal and plastic",/ooh/production/metal-and-plastic-machine-workers.htm
     Desktop publishers,/ooh/office-and-administrative-support/desktop-publishers.htm
"     Milling and planing machine setters, operators, and tenders, metal and plastic",/ooh/production/metal-and-plastic-machine-workers.htm
"     Pressers, textile, garment, and related materials",/ooh/about/data-for-occupations-not-covered-in-detail.htm#516021
"     Grinding and polishing workers, hand",/ooh/about/data-for-occupations-not-covered-in-detail.htm#519022
"     Refractory materials repairers, except brickmasons",/ooh/about/data-for-occupations-not-covered-in-detail.htm#499045
"     Postal service mail sorters, processors, and processing machine operators",/ooh/office-and-administrative-support/postal-service-workers.htm
     Fallers,/ooh/farming-fishing-and-forestry/logging-workers.htm
"     Aircraft structure, surfaces, rigging, and systems assemblers",/ooh/production/assemblers-and-fabricators.htm
"     Inspectors, testers, sorters, samplers, and weighers",/ooh/production/quality-control-inspectors.htm
"     Roof bolters, mining",/ooh/about/data-for-occupations-not-covered-in-detail.htm#475043
     Pharmacy aides,/ooh/about/data-for-occupations-not-covered-in-detail.htm#319095
     Water and wastewater treatment plant and system operators,/ooh/production/water-and-wastewater-treatment-plant-and-system-operators.htm
     Graphic designers,/ooh/arts-and-design/graphic-designers.htm
     Automotive service technicians and mechanics,/ooh/installation-maintenance-and-repair/automotive-service-technicians-and-mechanics.htm
     Floor sanders and finishers,/ooh/construction-and-extraction/tile-and-marble-setters.htm
"     Kindergarten teachers, except special education",/ooh/education-training-and-library/kindergarten-and-elementary-school-teachers.htm
"     Transportation, storage, and distribution managers",/ooh/about/data-for-occupations-not-covered-in-detail.htm#113071
     Special effects artists and animators,/ooh/arts-and-design/multimedia-artists-and-animators.htm
"     Opticians, dispensing",/ooh/healthcare/opticians-dispensing.htm
     Probation officers and correctional treatment specialists,/ooh/community-and-social-service/probation-officers-and-correctional-treatment-specialists.htm
     Optometrists,/ooh/healthcare/optometrists.htm
     Logging equipment operators,/ooh/farming-fishing-and-forestry/logging-workers.htm
     Printing press operators,/ooh/about/data-for-occupations-not-covered-in-detail.htm#515112
     Miscellaneous assemblers and fabricators,/ooh/production/assemblers-and-fabricators.htm
"     Cooks, fast food",/ooh/food-preparation-and-serving/cooks.htm
     Textile bleaching and dyeing machine operators and tenders,/ooh/about/data-for-occupations-not-covered-in-detail.htm#516061
"     Meter readers, utilities",/ooh/about/data-for-occupations-not-covered-in-detail.htm#435041
     Lodging managers,/ooh/management/lodging-managers.htm
     Correspondence clerks,/ooh/office-and-administrative-support/information-clerks.htm
     Proofreaders and copy markers,/ooh/about/data-for-occupations-not-covered-in-detail.htm#439081
     Animal breeders,/ooh/farming-fishing-and-forestry/agricultural-workers.htm
     Stonemasons,/ooh/construction-and-extraction/brickmasons-blockmasons-and-stonemasons.htm
     Funeral attendants,/ooh/about/data-for-occupations-not-covered-in-detail.htm#394021
     Locomotive engineers,/ooh/transportation-and-material-moving/railroad-occupations.htm
     Chemical plant and system operators,/ooh/about/data-for-occupations-not-covered-in-detail.htm#518091
     Brokerage clerks,/ooh/office-and-administrative-support/financial-clerks.htm
"     Separating, filtering, clarifying, precipitating, and still machine setters, operators, and tenders",/ooh/about/data-for-occupations-not-covered-in-detail.htm#519012
     Glaziers,/ooh/construction-and-extraction/glaziers.htm
     Chiropractors,/ooh/healthcare/chiropractors.htm
     Outdoor power equipment and other small engine mechanics,/ooh/installation-maintenance-and-repair/small-engine-mechanics.htm
"     Loading and moving machine operators, underground mining",/ooh/transportation-and-material-moving/material-moving-machine-operators.htm
     Nuclear engineers,/ooh/architecture-and-engineering/nuclear-engineers.htm
"     Textile knitting and weaving machine setters, operators, and tenders",/ooh/about/data-for-occupations-not-covered-in-detail.htm#516063
"     Office machine operators, except computer",/ooh/about/data-for-occupations-not-covered-in-detail.htm#439071
     Postal service clerks,/ooh/office-and-administrative-support/postal-service-workers.htm
     Telemarketers,/ooh/about/data-for-occupations-not-covered-in-detail.htm#419041
     Postal service mail carriers,/ooh/office-and-administrative-support/postal-service-workers.htm
     Furniture finishers,/ooh/production/woodworkers.htm
"     Insurance appraisers, auto damage",/ooh/business-and-financial/claims-adjusters-appraisers-examiners-and-investigators.htm
     Survey researchers,/ooh/life-physical-and-social-science/survey-researchers.htm
     Farm and home management educators,/ooh/about/data-for-occupations-not-covered-in-detail.htm#259021
     Tapers,/ooh/construction-and-extraction/drywall-and-ceiling-tile-installers-and-tapers.htm
     Surveying and mapping technicians,/ooh/architecture-and-engineering/surveying-and-mapping-technicians.htm
"     Electrical and electronics installers and repairers, transportation equipment",/ooh/installation-maintenance-and-repair/electrical-and-electronics-installers-and-repairers.htm
     Dancers,/ooh/entertainment-and-sports/dancers-and-choreographers.htm
     Continuous mining machine operators,/ooh/about/data-for-occupations-not-covered-in-detail.htm#475041
     Agricultural inspectors,/ooh/about/data-for-occupations-not-covered-in-detail.htm#452011
     Rail car repairers,/ooh/installation-maintenance-and-repair/heavy-vehicle-and-mobile-equipment-service-technicians.htm
     Audiovisual equipment installers and repairers,/ooh/about/data-for-occupations-not-covered-in-detail.htm#492097
"     Physical scientists, all other",/ooh/about/data-for-occupations-not-covered-in-detail.htm#192099
"     Electrical and electronics repairers, powerhouse, substation, and relay",/ooh/installation-maintenance-and-repair/electrical-and-electronics-installers-and-repairers.htm
"     Helpers--painters, paperhangers, plasterers, and stucco masons",/ooh/construction-and-extraction/construction-laborers-and-helpers.htm
     Orthodontists,/ooh/healthcare/dentists.htm
"     Agricultural sciences teachers, postsecondary",/ooh/education-training-and-library/postsecondary-teachers.htm
"     Atmospheric, earth, marine, and space sciences teachers, postsecondary",/ooh/education-training-and-library/postsecondary-teachers.htm
     Oral and maxillofacial surgeons,/ooh/healthcare/dentists.htm
"     Layout workers, metal and plastic",/ooh/about/data-for-occupations-not-covered-in-detail.htm#514192
"     Textile cutting machine setters, operators, and tenders",/ooh/about/data-for-occupations-not-covered-in-detail.htm#516062
     Shoe and leather workers and repairers,/ooh/about/data-for-occupations-not-covered-in-detail.htm#516041
"     Lathe and turning machine tool setters, operators, and tenders, metal and plastic",/ooh/production/metal-and-plastic-machine-workers.htm
     Transportation security screeners,/ooh/about/data-for-occupations-not-covered-in-detail.htm#339093
"     Title examiners, abstractors, and searchers",/ooh/about/data-for-occupations-not-covered-in-detail.htm#232093
     Architectural and civil drafters,/ooh/architecture-and-engineering/drafters.htm
"     Extruding, forming, pressing, and compacting machine setters, operators, and tenders",/ooh/about/data-for-occupations-not-covered-in-detail.htm#519041
     Reservation and transportation ticket agents and travel clerks,/ooh/office-and-administrative-support/information-clerks.htm
     Cabinetmakers and bench carpenters,/ooh/production/woodworkers.htm
     Merchandise displayers and window trimmers,/ooh/about/data-for-occupations-not-covered-in-detail.htm#271026
"     Telecommunications equipment installers and repairers, except line installers",/ooh/installation-maintenance-and-repair/telecommunications-equipment-installers-and-repairers-except-line-installers.htm
"     Calibration technologists and technicians and engineering technologists and technicians, except drafters, all other",/ooh/about/data-for-occupations-not-covered-in-detail.htm#173098
     Chemical equipment operators and tenders,/ooh/about/data-for-occupations-not-covered-in-detail.htm#519011
"     English language and literature teachers, postsecondary",/ooh/education-training-and-library/postsecondary-teachers.htm
"     Career/technical education teachers, secondary school",/ooh/education-training-and-library/career-and-technical-education-teachers.htm
"     Biological scientists, all other",/ooh/about/data-for-occupations-not-covered-in-detail.htm#191029
     Computer hardware engineers,/ooh/architecture-and-engineering/computer-hardware-engineers.htm
"     Teaching assistants, except postsecondary",/ooh/education-training-and-library/teacher-assistants.htm
"     Elementary school teachers, except special education",/ooh/education-training-and-library/kindergarten-and-elementary-school-teachers.htm
     Accountants and auditors,/ooh/business-and-financial/accountants-and-auditors.htm
"     Maintenance and repair workers, general",/ooh/installation-maintenance-and-repair/general-maintenance-and-repair-workers.htm
     Cleaners of vehicles and equipment,/ooh/transportation-and-material-moving/hand-laborers-and-material-movers.htm
"     Production, planning, and expediting clerks",/ooh/office-and-administrative-support/material-recording-clerks.htm
"     Heating, air conditioning, and refrigeration mechanics and installers",/ooh/installation-maintenance-and-repair/heating-air-conditioning-and-refrigeration-mechanics-and-installers.htm
     Pharmacy technicians,/ooh/healthcare/pharmacy-technicians.htm
     Pharmacists,/ooh/healthcare/pharmacists.htm
     First-line supervisors of office and administrative support workers,/ooh/about/data-for-occupations-not-covered-in-detail.htm#431011
     Agricultural engineers,/ooh/architecture-and-engineering/agricultural-engineers.htm
"     Forestry and conservation science teachers, postsecondary",/ooh/education-training-and-library/postsecondary-teachers.htm
     Astronomers,/ooh/life-physical-and-social-science/physicists-and-astronomers.htm
     Prosthodontists,/ooh/healthcare/dentists.htm
"     Miscellaneous entertainers and performers, sports and related workers",/ooh/about/data-for-occupations-not-covered-in-detail.htm#272090
     Chemical engineers,/ooh/architecture-and-engineering/chemical-engineers.htm
     Waiters and waitresses,/ooh/food-preparation-and-serving/waiters-and-waitresses.htm
"     Janitors and cleaners, except maids and housekeeping cleaners",/ooh/building-and-grounds-cleaning/janitors-and-building-cleaners.htm
"     Laborers and freight, stock, and material movers, hand",/ooh/transportation-and-material-moving/hand-laborers-and-material-movers.htm
     Lawyers,/ooh/legal/lawyers.htm
     Receptionists and information clerks,/ooh/office-and-administrative-support/receptionists.htm
"     Secondary school teachers, except special and career/technical education",/ooh/education-training-and-library/high-school-teachers.htm
     Order clerks,/ooh/office-and-administrative-support/information-clerks.htm
     Log graders and scalers,/ooh/farming-fishing-and-forestry/logging-workers.htm
     Motion picture projectionists,/ooh/about/data-for-occupations-not-covered-in-detail.htm#393021
     Fabric and apparel patternmakers,/ooh/about/data-for-occupations-not-covered-in-detail.htm#516092
"     Rolling machine setters, operators, and tenders, metal and plastic",/ooh/production/metal-and-plastic-machine-workers.htm
"     News analysts, reporters, and journalists",/ooh/media-and-communication/reporters-correspondents-and-broadcast-news-analysts.htm
"     Extruding and drawing machine setters, operators, and tenders, metal and plastic",/ooh/production/metal-and-plastic-machine-workers.htm
"     Secretaries and administrative assistants, except legal, medical, and executive",/ooh/office-and-administrative-support/secretaries-and-administrative-assistants.htm
"     Surgeons, except ophthalmologists",/ooh/healthcare/physicians-and-surgeons.htm
     Railroad conductors and yardmasters,/ooh/transportation-and-material-moving/railroad-occupations.htm
"     Coin, vending, and amusement machine servicers and repairers",/ooh/about/data-for-occupations-not-covered-in-detail.htm#499091
"     Woodworking machine setters, operators, and tenders, except sawing",/ooh/production/woodworkers.htm
     Art directors,/ooh/arts-and-design/art-directors.htm
     Medical transcriptionists,/ooh/healthcare/medical-transcriptionists.htm
     Couriers and messengers,/ooh/about/data-for-occupations-not-covered-in-detail.htm#435021
     Telecommunications line installers and repairers,/ooh/installation-maintenance-and-repair/line-installers-and-repairers.htm
"     Insulation workers, floor, ceiling, and wall",/ooh/construction-and-extraction/insulation-workers.htm
     Transportation inspectors,/ooh/about/data-for-occupations-not-covered-in-detail.htm#536051
     Materials engineers,/ooh/architecture-and-engineering/materials-engineers.htm
"     Psychologists, all other",/ooh/life-physical-and-social-science/psychologists.htm
     Heavy and tractor-trailer truck drivers,/ooh/transportation-and-material-moving/heavy-and-tractor-trailer-truck-drivers.htm
     Childcare workers,/ooh/personal-care-and-service/childcare-workers.htm
"     Cooks, institution and cafeteria",/ooh/food-preparation-and-serving/cooks.htm
     Real estate sales agents,/ooh/sales/real-estate-brokers-and-sales-agents.htm
     Billing and posting clerks,/ooh/office-and-administrative-support/financial-clerks.htm
     Recreational vehicle service technicians,/ooh/about/data-for-occupations-not-covered-in-detail.htm#493092
"     Building cleaning workers, all other",/ooh/about/data-for-occupations-not-covered-in-detail.htm#372019
"     Economics teachers, postsecondary",/ooh/education-training-and-library/postsecondary-teachers.htm
     Reinforcing iron and rebar workers,/ooh/construction-and-extraction/structural-iron-and-steel-workers.htm
     Geological and hydrologic technicians,/ooh/life-physical-and-social-science/geological-and-petroleum-technicians.htm
     Occupational health and safety technicians,/ooh/healthcare/occupational-health-and-safety-specialists-and-technicians.htm
     Aircraft cargo handling supervisors,/ooh/about/data-for-occupations-not-covered-in-detail.htm#531041
     Subway and streetcar operators,/ooh/about/data-for-occupations-not-covered-in-detail.htm#534041
     Bicycle repairers,/ooh/about/data-for-occupations-not-covered-in-detail.htm#493091
"     Area, ethnic, and cultural studies teachers, postsecondary",/ooh/education-training-and-library/postsecondary-teachers.htm
     Mechanical drafters,/ooh/architecture-and-engineering/drafters.htm
     First-line supervisors of correctional officers,/ooh/about/data-for-occupations-not-covered-in-detail.htm#331011
"     Grinding, lapping, polishing, and buffing machine tool setters, operators, and tenders, metal and plastic",/ooh/production/metal-and-plastic-machine-workers.htm
"     Farmworkers, farm, ranch, and aquacultural animals",/ooh/farming-fishing-and-forestry/agricultural-workers.htm
"     Cutting, punching, and press machine setters, operators, and tenders, metal and plastic",/ooh/production/metal-and-plastic-machine-workers.htm
     Musical instrument repairers and tuners,/ooh/about/data-for-occupations-not-covered-in-detail.htm#499063
"     Rail yard engineers, dinkey operators, and hostlers",/ooh/transportation-and-material-moving/railroad-occupations.htm
     Home appliance repairers,/ooh/about/data-for-occupations-not-covered-in-detail.htm#499031
"     Welding, soldering, and brazing machine setters, operators, and tenders",/ooh/production/metal-and-plastic-machine-workers.htm
"     Sawing machine setters, operators, and tenders, wood",/ooh/production/woodworkers.htm
"     Mail clerks and mail machine operators, except postal service",/ooh/about/data-for-occupations-not-covered-in-detail.htm#439051
     Cement masons and concrete finishers,/ooh/construction-and-extraction/brickmasons-blockmasons-and-stonemasons.htm
     Writers and authors,/ooh/media-and-communication/writers-and-authors.htm
     Retail salespersons,/ooh/sales/retail-sales-workers.htm
     Geographers,/ooh/life-physical-and-social-science/geographers.htm
     Signal and track switch repairers,/ooh/about/data-for-occupations-not-covered-in-detail.htm#499097
     Paperhangers,/ooh/about/data-for-occupations-not-covered-in-detail.htm#472142
"     Furnace, kiln, oven, drier, and kettle operators and tenders",/ooh/about/data-for-occupations-not-covered-in-detail.htm#519051
"     Painting, coating, and decorating workers",/ooh/production/painting-and-coating-workers.htm
     Craft artists,/ooh/arts-and-design/craft-and-fine-artists.htm
     Advertising and promotions managers,/ooh/management/advertising-promotions-and-marketing-managers.htm
     General internal medicine physicians,/ooh/healthcare/physicians-and-surgeons.htm
"     Preschool teachers, except special education",/ooh/education-training-and-library/preschool-teachers.htm
     Parts salespersons,/ooh/sales/retail-sales-workers.htm
     Civil engineers,/ooh/architecture-and-engineering/civil-engineers.htm
     Roofers,/ooh/construction-and-extraction/roofers.htm
"     Installation, maintenance, and repair workers, all other",/ooh/about/data-for-occupations-not-covered-in-detail.htm#499099
"     Postsecondary teachers, all other",/ooh/about/data-for-occupations-not-covered-in-detail.htm#251199
"     Production workers, all other",/ooh/about/data-for-occupations-not-covered-in-detail.htm#519199
     Butchers and meat cutters,/ooh/production/butchers-and-meat-cutters.htm
"     Coating, painting, and spraying machine setters, operators, and tenders",/ooh/production/painting-and-coating-workers.htm
     Sales managers,/ooh/management/sales-managers.htm
     Network and computer systems administrators,/ooh/computer-and-information-technology/network-and-computer-systems-administrators.htm
     Machinists,/ooh/production/machinists-and-tool-and-die-makers.htm
     Operating engineers and other construction equipment operators,/ooh/construction-and-extraction/construction-equipment-operators.htm
"     Heat treating equipment setters, operators, and tenders, metal and plastic",/ooh/production/metal-and-plastic-machine-workers.htm
     Jewelers and precious stone and metal workers,/ooh/production/jewelers-and-precious-stone-and-metal-workers.htm
"     Textile winding, twisting, and drawing out machine setters, operators, and tenders",/ooh/about/data-for-occupations-not-covered-in-detail.htm#516064
"     Adult basic education, adult secondary education, and English as a Second Language instructors",/ooh/education-training-and-library/adult-literacy-and-ged-teachers.htm
     Hydrologists,/ooh/life-physical-and-social-science/hydrologists.htm
"     Architecture teachers, postsecondary",/ooh/education-training-and-library/postsecondary-teachers.htm
     Epidemiologists,/ooh/life-physical-and-social-science/epidemiologists.htm
     Anthropologists and archeologists,/ooh/life-physical-and-social-science/anthropologists-and-archeologists.htm
     Costume attendants,/ooh/about/data-for-occupations-not-covered-in-detail.htm#393092
"     Life scientists, all other",/ooh/about/data-for-occupations-not-covered-in-detail.htm#191099
     Chief executives,/ooh/management/top-executives.htm
"     Molding, coremaking, and casting machine setters, operators, and tenders, metal and plastic",/ooh/production/metal-and-plastic-machine-workers.htm
     Terrazzo workers and finishers,/ooh/construction-and-extraction/brickmasons-blockmasons-and-stonemasons.htm
     Buyers and purchasing agents,/ooh/business-and-financial/purchasing-managers-buyers-and-purchasing-agents.htm
"     Pourers and casters, metal",/ooh/production/metal-and-plastic-machine-workers.htm
"     Metal workers and plastic workers, all other",/ooh/about/data-for-occupations-not-covered-in-detail.htm#514199
"     Plating machine setters, operators, and tenders, metal and plastic",/ooh/production/metal-and-plastic-machine-workers.htm
     Carpet installers,/ooh/construction-and-extraction/tile-and-marble-setters.htm
     Sewing machine operators,/ooh/about/data-for-occupations-not-covered-in-detail.htm#516031
     Labor relations specialists,/ooh/business-and-financial/labor-relations-specialists.htm
     Procurement clerks,/ooh/office-and-administrative-support/financial-clerks.htm
     Computer numerically controlled tool operators,/ooh/production/metal-and-plastic-machine-workers.htm
     Editors,/ooh/media-and-communication/editors.htm
     Correctional officers and jailers,/ooh/protective-service/correctional-officers.htm
"     Hotel, motel, and resort desk clerks",/ooh/office-and-administrative-support/information-clerks.htm
     Insurance claims and policy processing clerks,/ooh/office-and-administrative-support/financial-clerks.htm
"     Personal service managers, all other; entertainment and recreation managers, except gambling; and managers, all other",/ooh/about/data-for-occupations-not-covered-in-detail.htm#119198
"     Hairdressers, hairstylists, and cosmetologists",/ooh/personal-care-and-service/barbers-hairstylists-and-cosmetologists.htm
     Customer service representatives,/ooh/office-and-administrative-support/customer-service-representatives.htm
"     Tank car, truck, and ship loaders",/ooh/about/data-for-occupations-not-covered-in-detail.htm#537121
     Adhesive bonding machine operators and tenders,/ooh/about/data-for-occupations-not-covered-in-detail.htm#519191
     Cashiers,/ooh/sales/cashiers.htm
     Foundry mold and coremakers,/ooh/production/metal-and-plastic-machine-workers.htm
     Gas plant operators,/ooh/about/data-for-occupations-not-covered-in-detail.htm#518092
     Funeral home managers,/ooh/personal-care-and-service/funeral-service-occupations.htm
"     Cooks, private household",/ooh/food-preparation-and-serving/cooks.htm
"     Extruding and forming machine setters, operators, and tenders, synthetic and glass fibers",/ooh/about/data-for-occupations-not-covered-in-detail.htm#516091
     Obstetricians and gynecologists,/ooh/healthcare/physicians-and-surgeons.htm
     Gas compressor and gas pumping station operators,/ooh/about/data-for-occupations-not-covered-in-detail.htm#537071
"     Designers, all other",/ooh/about/data-for-occupations-not-covered-in-detail.htm#271029
"     Electrical and electronics repairers, commercial and industrial equipment",/ooh/installation-maintenance-and-repair/electrical-and-electronics-installers-and-repairers.htm
     Helpers--electricians,/ooh/construction-and-extraction/construction-laborers-and-helpers.htm
"     Miscellaneous first-line supervisors, protective service workers",/ooh/about/data-for-occupations-not-covered-in-detail.htm#331090
     Surveyors,/ooh/architecture-and-engineering/surveyors.htm
     Stationary engineers and boiler operators,/ooh/production/stationary-engineers-and-boiler-operators.htm
"     Food and tobacco roasting, baking, and drying machine operators and tenders",/ooh/production/food-and-tobacco-processing-workers.htm
"     Legal support workers, all other",/ooh/about/data-for-occupations-not-covered-in-detail.htm#232099
"     First-line supervisors of farming, fishing, and forestry workers",/ooh/about/data-for-occupations-not-covered-in-detail.htm#451011
     Tax preparers,/ooh/about/data-for-occupations-not-covered-in-detail.htm#132082
"     Computer, automated teller, and office machine repairers",/ooh/about/data-for-occupations-not-covered-in-detail.htm#492011
"     Dispatchers, except police, fire, and ambulance",/ooh/about/data-for-occupations-not-covered-in-detail.htm#435032
     Crane and tower operators,/ooh/transportation-and-material-moving/material-moving-machine-operators.htm
     Fence erectors,/ooh/about/data-for-occupations-not-covered-in-detail.htm#474031
     Music directors and composers,/ooh/entertainment-and-sports/music-directors-and-composers.htm
     Gambling change persons and booth cashiers,/ooh/about/data-for-occupations-not-covered-in-detail.htm#412012
"     Material moving workers, all other",/ooh/about/data-for-occupations-not-covered-in-detail.htm#537199
"     Securities, commodities, and financial services sales agents",/ooh/sales/securities-commodities-and-financial-services-sales-agents.htm
"     Physicians, all other; and ophthalmologists, except pediatric",/ooh/healthcare/physicians-and-surgeons.htm
     Cost estimators,/ooh/business-and-financial/cost-estimators.htm
     Food preparation workers,/ooh/food-preparation-and-serving/food-preparation-workers.htm
     Tire repairers and changers,/ooh/about/data-for-occupations-not-covered-in-detail.htm#493093
"     Sales and related workers, all other",/ooh/about/data-for-occupations-not-covered-in-detail.htm#419099
"     Meat, poultry, and fish cutters and trimmers",/ooh/about/data-for-occupations-not-covered-in-detail.htm#513022
     Automotive and watercraft service attendants,/ooh/about/data-for-occupations-not-covered-in-detail.htm#536031
"     Multiple machine tool setters, operators, and tenders, metal and plastic",/ooh/production/metal-and-plastic-machine-workers.htm
"     Plumbers, pipefitters, and steamfitters",/ooh/construction-and-extraction/plumbers-pipefitters-and-steamfitters.htm
"     Farmworkers and laborers, crop, nursery, and greenhouse",/ooh/farming-fishing-and-forestry/agricultural-workers.htm
"     Middle school teachers, except special and career/technical education",/ooh/education-training-and-library/middle-school-teachers.htm
     Electrical and electronic engineering technologists and technicians,/ooh/architecture-and-engineering/electrical-and-electronics-engineering-technicians.htm
     Electrical power-line installers and repairers,/ooh/installation-maintenance-and-repair/line-installers-and-repairers.htm
     Computer programmers,/ooh/computer-and-information-technology/computer-programmers.htm
"     Shipping, receiving, and inventory clerks",/ooh/office-and-administrative-support/material-recording-clerks.htm
     First-line supervisors of non-retail sales workers,/ooh/about/data-for-occupations-not-covered-in-detail.htm#411012
"     Patternmakers, metal and plastic",/ooh/production/metal-and-plastic-machine-workers.htm
     Embalmers,/ooh/about/data-for-occupations-not-covered-in-detail.htm#394011
"     Sewers, hand",/ooh/about/data-for-occupations-not-covered-in-detail.htm#516051
"     Model makers, metal and plastic",/ooh/production/metal-and-plastic-machine-workers.htm
     Power distributors and dispatchers,/ooh/production/power-plant-operators-distributors-and-dispatchers.htm
     Locksmiths and safe repairers,/ooh/about/data-for-occupations-not-covered-in-detail.htm#499094
     Fishing and hunting workers,/ooh/farming-fishing-and-forestry/fishers-and-related-fishing-workers.htm
     Landscape architects,/ooh/architecture-and-engineering/landscape-architects.htm
"     Pediatricians, general",/ooh/healthcare/physicians-and-surgeons.htm
"     Morticians, undertakers, and funeral arrangers",/ooh/personal-care-and-service/funeral-service-occupations.htm
